{
  "model_name": "EBM",
  "accuracy": 0.5666666666666667,
  "auc_ovo": 0.5736179529282978,
  "cross_entropy": 0.6938145627022828,
  "tuning_time": 288.0228712500002,
  "training_time": 4.591862824999907,
  "prediction_time": 0.00106271899994681,
  "total_time": 292.61579679400006,
  "best_params": {
    "max_bins": 128,
    "interactions": 10,
    "learning_rate": 0.1,
    "max_interaction_bins": 32,
    "outer_bags": 16,
    "inner_bags": 0,
    "min_samples_leaf": 2,
    "max_leaves": 3
  },
  "dataset_name": "dataset_23381_dresses-sales",
  "dataset_n_features": 33,
  "dataset_n_classes": 2,
  "train_samples": 350,
  "test_samples": 150,
  "experiment_timestamp": "2025-05-29T11:09:19.159364",
  "environment": "ml_modern_py311"
}