{
  "model_name": "XGBoost",
  "accuracy": 0.7898089171974523,
  "auc_ovo": 0.666125,
  "cross_entropy": 0.66776031699585,
  "tuning_time": 289.241117207,
  "training_time": 2.741119846000174,
  "prediction_time": 0.00476806899996518,
  "total_time": 291.98700512200014,
  "best_params": {
    "n_estimators": 200,
    "max_depth": 6,
    "subsample": 0.8,
    "reg_alpha": 0,
    "colsample_bytree": 0.9,
    "colsample_bylevel": 0.9,
    "min_child_weight": 3,
    "gamma": 0.1,
    "reg_lambda": 0.1
  },
  "dataset_name": "dataset_1063_kc2",
  "dataset_n_features": 21,
  "dataset_n_classes": 2,
  "train_samples": 365,
  "test_samples": 157,
  "experiment_timestamp": "2025-05-28T13:19:23.408279"
}